{
  "Version": "2012-10-17",
  "Statement": [
      {
          "Effect": "Allow",
          "Principal": {
              "Federated": "arn:aws:iam::474630399642:oidc-provider/oidc.eks.eu-central-1.amazonaws.com/id/8F3EF3E0429CF5CA716E6556378F1EE3"
          },
          "Action": "sts:AssumeRoleWithWebIdentity",
          "Condition": {
              "StringEquals": {
                  "oidc.eks.eu-central-1.amazonaws.com/id/8F3EF3E0429CF5CA716E6556378F1EE3:aud": "sts.amazonaws.com",
                  "oidc.eks.eu-central-1.amazonaws.com/id/8F3EF3E0429CF5CA716E6556378F1EE3:sub": "system:serviceaccount:external-secrets:external-secrets"
              }
          }
      }
  ]
}