{
    "Version": "2012-10-17",
    "Statement": [
        {
            "Sid": "VisualEditor0",
            "Effect": "Allow",
            "Action": [
                "iam:List*",
                "ec2messages:GetEndpoint",
                "route53:GetHostedZone",
                "ssmmessages:OpenControlChannel",
                "ec2messages:GetMessages",
                "ecr:UploadLayerPart",
                "iam:Get*",
                "ec2messages:DeleteMessage",
                "ec2messages:FailMessage",
                "ssmmessages:OpenDataChannel",
                "ecr:CompleteLayerUpload",
                "ecr:BatchCheckLayerAvailability",
                "s3:*",
                "route53:ListHostedZones",
                "ecr:GetDownloadUrlForLayer",
                "appstream:*",
                "ec2messages:AcknowledgeMessage",
                "ssmmessages:CreateControlChannel",
                "ecr:PutImage",
                "ssmmessages:CreateDataChannel",
                "iam:CreateServiceLinkedRole",
                "ssm:*",
                "ecr:BatchGetImage",
                "ec2:*",
                "ecr:*",
                "ec2messages:SendReply",
                "eks:*",
                "ecr:InitiateLayerUpload",
                "route53:GetHostedZoneCount",
                "route53domains:ListDomains",
                "route53domains:GetDomainDetail",
                "route53:GetHealthCheckCount",
                "route53:GetHostedZone",
                "route53:GetHealthCheckStatus",
                "route53:GetTrafficPolicyInstanceCount",
                "route53:ListHealthChecks",
                "route53domains:ListOperations",
                "route53domains:List*",
                "route53:List*",
                "route53:Get*",
                "route53domains:Get*"
            ],
            "Resource": "*"
        },
        {
            "Sid": "VisualEditor1",
            "Effect": "Deny",
            "Action": [
                "ec2:RevokeSecurityGroupIngress",
                "ec2:TerminateInstances",
                "ec2:CreateSecurityGroup",
                "ec2:RevokeSecurityGroupEgress",
                "ec2:DeleteSecurityGroup",
                "ec2:RunInstances",
                "ec2:ModifySecurityGroupRules"
            ],
            "Resource": "*"
        },
        {
            "Sid": "elb",
            "Effect": "Allow",
            "Action": [
                "elasticloadbalancing:DescribeInstanceHealth",
                "elasticloadbalancing:DescribeLoadBalancerAttributes",
                "elasticloadbalancing:DescribeLoadBalancerPolicies",
                "elasticloadbalancing:DescribeLoadBalancerPolicyTypes",
                "elasticloadbalancing:DescribeTags",
                "elasticloadbalancing:DescribeListeners",
                "elasticloadbalancing:DescribeListenerCertificates",
                "elasticloadbalancing:DescribeRules",
                "elasticloadbalancing:DescribeTargetGroups",
                "elasticloadbalancing:DescribeTargetHealth",
                "elasticloadbalancing:DescribeTargetGroupAttributes",
                "elasticloadbalancing:DescribeSSLPolicies",
                "elasticloadbalancing:DescribeLoadBalancers",
                "elasticloadbalancing:DescribeAccountLimits"
            ],
            "Resource": "*"
        },
        {
            "Sid": "SSO",
            "Effect": "Allow",
            "Action": [
                "sso:ListDirectoryAssociations*",
                "identitystore:DescribeUser"
            ],
            "Resource": "*"
        },
        {
            "Sid": "TerminateSession",
            "Effect": "Allow",
            "Action": [
                "ssm:TerminateSession"
            ],
            "Resource": "*",
            "Condition": {
                "StringLike": {
                    "ssm:resourceTag/aws:ssmmessages:session-id": [
                        "${aws:userName}"
                    ]
                }
            }
        },
        {
            "Sid": "SSMStartSession",
            "Effect": "Allow",
            "Action": [
                "ssm:StartSession"
            ],
            "Resource": [
                "arn:aws:ec2:*:*:instance/*",
                "arn:aws:ssm:*:*:managed-instance/*",
                "arn:aws:ssm:*:*:document/AWS-StartPortForwardingSession"
            ],
            "Condition": {
                "BoolIfExists": {
                    "ssm:SessionDocumentAccessCheck": "true"
                },
                "ForAnyValue:StringEquals": {
                    "aws:CalledVia": "ssm-guiconnect.amazonaws.com"
                }
            }
        },
        {
            "Sid": "SSMSendCommand",
            "Effect": "Allow",
            "Action": [
                "ssm:SendCommand"
            ],
            "Resource": [
                "arn:aws:ec2:*:*:instance/*",
                "arn:aws:ssm:*:*:managed-instance/*",
                "arn:aws:ssm:*:*:document/AWSSSO-CreateSSOUser"
            ],
            "Condition": {
                "BoolIfExists": {
                    "ssm:SessionDocumentAccessCheck": "true"
                }
            }
        },
        {
            "Sid": "GuiConnect",
            "Effect": "Allow",
            "Action": [
                "ssm-guiconnect:CancelConnection",
                "ssm-guiconnect:GetConnection",
                "ssm-guiconnect:StartConnection"
            ],
            "Resource": "*"
        }
    ]
}