{
  "Version": "2012-10-17",
  "Statement": [
      {
          "Effect": "Allow",
          "Principal": {
              "Federated": "arn:aws:iam::168616777926:oidc-provider/oidc.eks.eu-central-1.amazonaws.com/id/51778CB6A33592E26462FDCD9297D4E9"
          },
          "Action": "sts:AssumeRoleWithWebIdentity",
          "Condition": {
              "StringEquals": {
                  "oidc.eks.eu-central-1.amazonaws.com/id/51778CB6A33592E26462FDCD9297D4E9:aud": "sts.amazonaws.com",
                  "oidc.eks.eu-central-1.amazonaws.com/id/51778CB6A33592E26462FDCD9297D4E9:sub": "system:serviceaccount:external-secrets:external-secrets-idp-uat"
              }
          }
      }
  ]
}
