{
  "Version": "2012-10-17",
  "Statement": [
      {
          "Effect": "Allow",
          "Principal": {
              "Federated": "arn:aws:iam::668511453280:oidc-provider/oidc.eks.eu-central-1.amazonaws.com/id/7ED7836D2A85C9EF0E721D788E8949CB"
          },
          "Action": "sts:AssumeRoleWithWebIdentity",
          "Condition": {
              "StringEquals": {
                  "oidc.eks.eu-central-1.amazonaws.com/id/7ED7836D2A85C9EF0E721D788E8949CB:aud": "sts.amazonaws.com",
                  "oidc.eks.eu-central-1.amazonaws.com/id/7ED7836D2A85C9EF0E721D788E8949CB:sub": "system:serviceaccount:external-secrets:external-secrets-pbb-prod"
              }
          }
      }
  ]
}