{
	"Version": "2012-10-17",
	"Id": "VpcSourceIp",
	"Statement": [{
		"Sid": "VpcSourceIp",
		"Effect": "Deny",
		"Principal": "*",
		"Action": [
			"s3:PutObject",
			"s3:ListBucket"
		],
		"Resource": [
			"arn:aws:s3:::sp-aws-mp-eu-pbb-uat-filetransfer-s3",
			"arn:aws:s3:::sp-aws-mp-eu-pbb-uat-filetransfer-s3/*"
		],
		"Condition": {
			"StringNotLike": {
				"aws:PrincipalTag/Group": "pbb-uat-s3-file-transfer"
			},
			"NotIpAddress": {
				"aws:VpcSourceIp": [
					"10.239.0.0/16",
					"10.1.0.0/20",
					"10.1.16.0/20"
				]
			},
			"ArnNotLike": {
				"aws:PrincipalARN": "arn:aws:iam::*:role/aws-reserved/sso.amazonaws.com/eu-central-1/AWSReservedSSO_AWSAdministratorAccess_*"
			}
		}
	}]
}