{
    "Version": "2012-10-17",
    "Statement": [
        {
            "Effect": "Allow",
            "Principal": {
                "Federated": "arn:aws:iam::947513567300:oidc-provider/oidc.eks.eu-central-1.amazonaws.com/id/217D8A260A42048F536A1A85CEC6878D"
            },
            "Action": "sts:AssumeRoleWithWebIdentity",
            "Condition": {
                "StringEquals": {
                    "oidc.eks.eu-central-1.amazonaws.com/id/217D8A260A42048F536A1A85CEC6878D:aud": "sts.amazonaws.com",
                    "oidc.eks.eu-central-1.amazonaws.com/id/217D8A260A42048F536A1A85CEC6878D:sub": "system:serviceaccount:external-secrets:external-secrets-pbb-uat"
                }
            }
        }
    ]
  }