{
    "Version": "2012-10-17",
    "Id": "VpcSourceIp",
    "Statement": [
        {
            "Sid": "VpcSourceIp",
            "Effect": "Deny",
            "Principal": "*",
            "Action": [
                "s3:PutObject",
                "s3:ListBucket",
                "s3:DeleteObject",
                "s3:GetObject"
            ],
            "Resource": [
                "arn:aws:s3:::sp-aws-mp-eu-pbb-prod-filetransfer-s3",
                "arn:aws:s3:::sp-aws-mp-eu-pbb-prod-filetransfer-s3/*"
            ],
            "Condition": {
                "StringNotLike": {
                    "aws:PrincipalTag/Group": ["pbb-prod-s3-file-transfer", "pbb-s3-avaloq-file-adapter"]
                },
                "NotIpAddress": {
                    "aws:VpcSourceIp": [
                        "10.239.0.0/16",
                        "10.1.64.0/20",
                        "10.16.0.0/16",
                        "10.29.0.0/16",
                        "158.62.37.194/32",
                        "10.2.35.4/32",
                        "10.122.200.100/32"
                    ]
                },
                "ArnNotLike": {
                    "aws:PrincipalARN": [
                        "arn:aws:iam::*:role/aws-reserved/sso.amazonaws.com/eu-central-1/AWSReservedSSO_AWSAdministratorAccess_*",
                        "arn:aws:iam::*:role/aws-reserved/sso.amazonaws.com/eu-central-1/AWSReservedSSO_AdministratorAccess_*"
                    ]
                }
            }
        },
        {
            "Sid": "Stmt1701078232845",
            "Effect": "Deny",
            "Principal": "*",
            "Action": [
                "s3:ListBucket",
                "s3:PutObject"
            ],
            "Resource": [
                "arn:aws:s3:::sp-aws-mp-eu-pbb-prod-filetransfer-s3",
                "arn:aws:s3:::sp-aws-mp-eu-pbb-prod-filetransfer-s3/*"
            ],
            "Condition": {
                "Bool": {
                    "aws:SecureTransport": "false"
                },
                "NumericLessThan": {
                    "s3:TlsVersion": "1.2"
                }
            }
        },
        {
            "Sid": "AllowSSLRequestsOnly",
            "Effect": "Deny",
            "Principal": "*",
            "Action": "s3:*",
            "Resource": "arn:aws:s3:::sp-aws-mp-eu-pbb-prod-filetransfer-s3",
            "Condition": {
                "Bool": {
                    "aws:SecureTransport": "false"
                }
            }
        }
    ]
}