{
    "Id": "Policy1701078237577",
    "Version": "2012-10-17",
    "Statement": [
      {
        "Sid": "Stmt1701078232845",
        "Action": [
          "s3:*"
        ],
        "Effect": "Deny",
        "Resource": [
          "arn:aws:s3:::sp-aws-mp-eu-pbb-prod-software-s3",
          "arn:aws:s3:::sp-aws-mp-eu-pbb-prod-software-s3/*"
      ],        "Condition": {
          "Bool": {
            "aws:SecureTransport": "false"
          },
          "NumericLessThan": {
            "s3:TlsVersion": "1.2"
          }
        },
        "Principal": "*"
      }
    ]
  }