{
  "Version": "2012-10-17",
  "Id": "Policy1701078237577",
  "Statement": [
      {
          "Sid": "Stmt1701078232845",
          "Effect": "Deny",
          "Principal": "*",
          "Action": [
              "s3:ListBucket",
              "s3:PutObject"
          ],
          "Resource": [
              "arn:aws:s3:::sp-aws-mp-eu-pbb-prod-database-backup-s3",
              "arn:aws:s3:::sp-aws-mp-eu-pbb-prod-database-backup-s3/*"
          ],
          "Condition": {
              "Bool": {
                  "aws:SecureTransport": "false"
              },
              "NumericLessThan": {
                  "s3:TlsVersion": "1.2"
              }
          }
      },
      {
          "Sid": "AllowSSLRequestsOnly",
          "Effect": "Deny",
          "Principal": "*",
          "Action": "s3:*",
          "Resource": "arn:aws:s3:::sp-aws-mp-eu-pbb-prod-database-backup-s3",
          "Condition": {
              "Bool": {
                  "aws:SecureTransport": "false"
              }
          }
      }
  ]
}