{
    "Version": "2012-10-17",
    "Statement": [
        {
            "Sid": "VisualEditor0",
            "Effect": "Allow",
            "Action": [
                "cloudformation:*",
                "eks:*",
                "iam:ListRoles",
                "iam:AttachRolePolicy",
                "iam:CreateRole",
                "iam:CreatePolicy",
                "iam:ListRolePolicies",
                "iam:ListAttachedRolePolicies",
                "iam:GetRole",
                "iam:GetOpenIDConnectProvider",
                "iam:DeleteRole",
                "iam:ListOpenIDConnectProviders"
            ],
            "Resource": "*"
        }
    ]
}