{
    "Version": "2012-10-17",
    "Statement": [
        {
            "Sid": "VisualEditor0",
            "Effect": "Allow",
            "Action": [
                "account:GetAccountInformation",
                "aws-portal:ViewBilling",
                "billing:GetBillingData",
                "billing:GetBillingDetails",
                "billing:GetBillingNotifications",
                "billing:GetBillingPreferences",
                "billing:GetCredits",
                "billing:GetContractInformation",
                "billing:GetIAMAccessPreference",
                "billing:GetSellerOfRecord",
                "billing:ListBillingViews",
                "consolidatedbilling:ListLinkedAccounts",
                "consolidatedbilling:GetAccountBillingRole",
                "cur:GetClassicReport",
                "cur:GetClassicReportPreferences",
                "cur:GetUsageReport",
                "freetier:GetFreeTierAlertPreference",
                "freetier:GetFreeTierUsage",
                "invoicing:GetInvoiceEmailDeliveryPreferences",
                "invoicing:GetInvoicePDF",
                "invoicing:ListInvoiceSummaries",
                "payments:GetPaymentInstrument",
                "payments:GetPaymentStatus",
                "payments:ListPaymentPreferences",
                "purchase-orders:GetPurchaseOrder",
                "purchase-orders:ViewPurchaseOrders",
                "purchase-orders:ListPurchaseOrderInvoices",
                "purchase-orders:ListPurchaseOrders",
                "tax:GetTaxRegistrationDocument",
                "tax:GetTaxInheritance",
                "tax:ListTaxRegistrations"
            ],
            "Resource": "*"
        }
    ]
}