{
    "Version": "2012-10-17",
    "Statement": [
        {
            "Sid": "VisualEditor0",
            "Effect": "Allow",
            "Action": [
                "kms:GetPublicKey",
                "securityhub:ListTagsForResource",
                "cloudwatch:DeleteAlarms",
                "cloudfront:ListFieldLevelEncryptionConfigs",
                "elasticbeanstalk:DescribeEnvironmentManagedActionHistory",
                "inspector2:GetMember",
                "securityhub:GetInvitationsCount",
                "elasticbeanstalk:DescribeEnvironmentResources",
                "inspector2:BatchGetAccountStatus",
                "route53domains:*",
                "elasticbeanstalk:DescribeEnvironments",
                "securityhub:DescribeProducts",
                "elasticbeanstalk:DescribePlatformVersion",
                "cloudfront:ListResponseHeadersPolicies",
                "cloudfront:ListDistributionsByCachePolicyId",
                "sns:ListSubscriptionsByTopic",
                "inspector2:GetConfiguration",
                "sns:CreateTopic",
                "cloudwatch:GetMetricStatistics",
                "elasticbeanstalk:ListPlatformBranches",
                "inspector2:BatchGetFreeTrialInfo",
                "securityhub:GetControlFindingSummary",
                "elasticbeanstalk:DescribeEvents",
                "cloudfront:ListInvalidations",
                "cloudwatch:DescribeAlarms",
                "ec2:*",
                "inspector:DescribeAssessmentRuns",
                "cloudfront:ListDistributionsByWebACLId",
                "cloudfront:ListCloudFrontOriginAccessIdentities",
                "securityhub:BatchGetSecurityControls",
                "securityhub:DescribeHub",
                "sns:ListTopics",
                "elasticbeanstalk:ValidateConfigurationSettings",
                "securityhub:GetFreeTrialEndDate",
                "cloudfront:ListOriginRequestPolicies",
                "elasticbeanstalk:ListTagsForResource",
                "securityhub:DescribeOrganizationConfiguration",
                "kms:GetParametersForImport",
                "securityhub:GetInsightFindingTrend",
                "inspector2:BatchGetCodeSnippet",
                "secretsmanager:GetSecretValue",
                "cloudfront:ListRateCards",
                "inspector:DescribeCrossAccountAccessRole",
                "inspector2:ListTagsForResource",
                "s3:*",
                "kms:GetKeyPolicy",
                "cloudfront:ListDistributionsByKeyGroup",
                "inspector:PreviewAgents",
                "inspector2:DescribeOrganizationConfiguration",
                "secretsmanager:GetResourcePolicy",
                "cloudfront:ListConflictingAliases",
                "elasticbeanstalk:DescribeConfigurationOptions",
                "inspector:DescribeResourceGroups",
                "cloudfront:ListStreamingDistributions",
                "inspector2:BatchGetMemberEc2DeepInspectionStatus",
                "elasticbeanstalk:DescribeAccountAttributes",
                "cloudfront:ListOriginAccessControls",
                "secretsmanager:DescribeSecret",
                "securityhub:GetMasterAccount",
                "kms:DescribeCustomKeyStores",
                "secretsmanager:GetRandomPassword",
                "cloudfront:ListKeyGroups",
                "cloudfront:ListSavingsPlans",
                "inspector:GetTelemetryMetadata",
                "kms:GetKeyRotationStatus",
                "elasticbeanstalk:DescribeApplicationVersions",
                "logs:GetLogEvents",
                "securityhub:GetFindings",
                "cloudfront:ListContinuousDeploymentPolicies",
                "securityhub:SendInsightEvents",
                "cloudfront:ListUsages",
                "securityhub:GetMembers",
                "inspector:GetAssessmentReport",
                "elasticbeanstalk:ListPlatformVersions",
                "elasticbeanstalk:DescribeEnvironmentManagedActions",
                "inspector:DescribeAssessmentTargets",
                "inspector2:GetDelegatedAdminAccount",
                "securityhub:BatchGetStandardsControlAssociations",
                "inspector2:GetEc2DeepInspectionConfiguration",
                "securityhub:GetAdhocInsightResults",
                "inspector:DescribeAssessmentTemplates",
                "autoscaling:Describe*",
                "cloudfront:ListFunctions",
                "logs:DescribeLogStreams",
                "inspector:ListTagsForResource",
                "inspector:DescribeExclusions",
                "elasticbeanstalk:CheckDNSAvailability",
                "inspector:DescribeRulesPackages",
                "secretsmanager:ListSecretVersionIds",
                "cloudfront:ListDistributionsByRealtimeLogConfig",
                "elasticbeanstalk:RequestEnvironmentInfo",
                "securityhub:GetFindingAggregator",
                "networkmanager:*",
                "elasticbeanstalk:DescribeInstancesHealth",
                "elasticbeanstalk:DescribeEnvironmentHealth",
                "elasticbeanstalk:DescribeApplications",
                "kms:DescribeKey",
                "securityhub:GetAdministratorAccount",
                "inspector:DescribeFindings",
                "logs:DescribeLogGroups",
                "securityhub:DescribeActionTargets",
                "cloudfront:ListDistributionsByLambdaFunction",
                "cloudfront:ListCachePolicies",
                "elasticloadbalancing:*",
                "securityhub:ListControlEvaluationSummaries",
                "elasticbeanstalk:DescribeConfigurationSettings",
                "elasticbeanstalk:ListAvailableSolutionStacks",
                "cloudwatch:PutMetricAlarm",
                "securityhub:GetInsightResults",
                "cloudfront:ListPublicKeys",
                "securityhub:GetFreeTrialUsage",
                "securityhub:DescribeStandards",
                "cloudfront:ListRealtimeLogConfigs",
                "securityhub:GetUsage",
                "route53:*",
                "inspector2:GetFindingsReportStatus",
                "cloudfront:ListFieldLevelEncryptionProfiles",
                "cloudfront:ListDistributions",
                "inspector:GetExclusionsPreview",
                "securityhub:DescribeStandardsControls",
                "securityhub:SendFindingEvents",
                "elasticbeanstalk:RetrieveEnvironmentInfo",
                "cloudfront:ListDistributionsByResponseHeadersPolicyId",
                "cloudfront:ListDistributionsByOriginRequestPolicyId"
            ],
            "Resource": "*"
        },
        {
            "Sid": "VisualEditor1",
            "Effect": "Allow",
            "Action": "iam:CreateServiceLinkedRole",
            "Resource": "*",
            "Condition": {
                "StringLike": {
                    "iam:AWSServiceName": "transitgateway.amazonaws.com"
                }
            }
        },
        {
            "Sid": "VisualEditor2",
            "Effect": "Allow",
            "Action": [
                "iam:GetRole",
                "iam:PassRole"
            ],
            "Resource": "arn:aws:iam::*:role/flow-logs-*"
        },
        {
            "Sid": "VisualEditor3",
            "Effect": "Allow",
            "Action": "iam:ListRoles",
            "Resource": "*"
        }
    ]
}