{
    "Version": "2012-10-17",
    "Statement": [
        {
            "Sid": "VisualEditor0",
            "Effect": "Allow",
            "Action": [
	  	"iam:Get*",
        "iam:List*",
	  	"s3:Get*",
        "s3:List*",		
		"apigateway:Get*",
	  	"lambda:Get*",
        "lambda:List*",		
	  	"sns:Get*",
        "sns:List*",		
	  	"ses:Get*",
        "ses:List*",		
	  	"batch:Describe**",
        "batch:List*",		
	  	"ecs:Get*",
        "ecs:List*",
		"ecs:Describe*",
        "eks:List*",
		"eks:Describe*",
	  	"ecr:Get*",
        "ecr:List*",
		"ecr:Describe*",
        "elasticache:List*",
		"elasticache:Describe*",
		"rds:Describe*",
        "secretmanager:List*",
		"secretmanager:Describe*",
		"kms:Get*",
        "kms:List*",
		"acm:Get*",
		"acm:List*",
		"acm:Describe*",
		"ec2:Get*",
        "ec2:Describe*",
	  	"cloudformation:Get*",
        "cloudformation:List*",
		"cloudformation:Describe*",				
	  	"cloudwatch:Get*",
        "cloudwatch:List*",
		"cloudwatch:Describe*",				
	  	"cloudtrail:Get*",
        "cloudtrail:List*",
		"cloudtrail:Describe*",
	  	"guardduty:Get*",
        "guardduty:List*",
		"guardduty:Describe*",
        "appstream:List*",
		"appstream:Describe*",		
		"securityhub:Get*",
		"securityhub:List*",
		"securityhub:Describe*",
		"inspector:Get*",
		"inspector:List*",
		"inspector:Describe*"
            ],
            "Resource": "*"
        }
    ]
}