{
	"logs": {
		"logs_collected": {
			"files": {
				"collect_list": [
					{
						"file_path": "%SystemRoot%\\System32\\Config\\SysEvent.Evt",
						"log_group_name": "SysEvent.Evt",
						"log_stream_name": "{instance_id}",
						"retention_in_days": -1
					},
					{
						"file_path": "%SystemRoot%\\System32\\Config\\AppEvent.Evt",
						"log_group_name": "AppEvent.Evt",
						"log_stream_name": "{instance_id}",
						"retention_in_days": -1
					},
					{
						"file_path": "%SystemRoot%\\System32\\Config\\SecEvent.Evt",
						"log_group_name": "SecEvent.Evt",
						"log_stream_name": "{instance_id}",
						"retention_in_days": -1
					},
					{
						"file_path": "C:\\Logs\\intsvc_monitoring.log",
                                                "log_group_name": "intsvc_monitoring.log",
						"log_stream_name": "{instance_id}",
						"retention_in_days": -1
					},
					{
						"file_path": "C:\\ProgramData\\Sophos\\Clean\\Logs\\Clean.log",
                                                "log_group_name": "Clean.log",
						"log_stream_name": "{instance_id}",
						"retention_in_days": -1
					}
				]
			},
			"windows_events": {
				"collect_list": [
					{
						"event_format": "xml",
						"event_levels": [
							"VERBOSE",
							"INFORMATION",
							"WARNING",
							"ERROR",
							"CRITICAL"
						],
						"event_name": "System",
						"log_group_name": "System",
						"log_stream_name": "{instance_id}",
						"retention_in_days": -1
					},
					{
						"event_format": "xml",
						"event_levels": [
							"VERBOSE",
							"INFORMATION",
							"WARNING",
							"ERROR",
							"CRITICAL"
						],
						"event_name": "Security",
						"log_group_name": "Security",
						"log_stream_name": "{instance_id}",
						"retention_in_days": -1
					},
					{
						"event_format": "xml",
						"event_levels": [
							"VERBOSE",
							"INFORMATION",
							"WARNING",
							"ERROR",
							"CRITICAL"
						],
						"event_name": "Application",
						"log_group_name": "Application",
						"log_stream_name": "{instance_id}",
						"retention_in_days": -1
					}
				]
			}
		}
	},
	"metrics": {
		"aggregation_dimensions": [
			[
				"InstanceId"
			]
		],
		"append_dimensions": {
			"AutoScalingGroupName": "${aws:AutoScalingGroupName}",
			"ImageId": "${aws:ImageId}",
			"InstanceId": "${aws:InstanceId}",
			"InstanceType": "${aws:InstanceType}"
		},
		"metrics_collected": {
			"LogicalDisk": {
				"measurement": [
					"% Free Space"
				],
				"metrics_collection_interval": 60,
				"resources": [
					"*"
				]
			},
			"Memory": {
				"measurement": [
					"% Committed Bytes In Use"
				],
				"metrics_collection_interval": 60
			},
			"statsd": {
				"metrics_aggregation_interval": 60,
				"metrics_collection_interval": 10,
				"service_address": ":8125"
			}
		}
	}
}