{
	"agent": {
		"metrics_collection_interval": 10,
		"run_as_user": "root"
	},
	"logs": {
		"logs_collected": {
			"files": {
				"collect_list": [
					{
						"file_path": "/var/log/messages",
						"log_group_name": "/var/log/messages",
						"log_stream_name": "{instance_id}",
						"timezone": "Local"
					},
					{
						"file_path": "/var/log/httpd/",
						"log_group_name": "/var/log/httpd/",
						"log_stream_name": "{instance_id}",
						"timestamp_format": "%b %d %H:%M:%S",
						"timezone": "Local"
					},
					{
						"file_path": "/var/log/auth.log",
						"log_group_name": "/var/log/auth.log",
						"log_stream_name": "{instance_id}",
						"timestamp_format": "%d/%b/%Y:%H:%M:%S %z",
						"timezone": "Local"
					},
					{
						"file_path": "/var/log/boot.log",
						"log_group_name": "/var/log/boot.log",
						"log_stream_name": "{instance_id}",
						"timestamp_format": "%d/%b/%Y:%H:%M:%S %z",
						"timezone": "Local"
					},
					{
						"file_path": "/var/log/audit/audit.log",
						"log_group_name": "/var/log/audit/audit.log",
						"log_stream_name": "{instance_id}",
						"timestamp_format": "%d/%b/%Y:%H:%M:%S %z",
						"timezone": "Local"
					},
					{
						"file_path": "/var/log/secure",
						"log_group_name": "/var/log/secure",
						"log_stream_name": "{instance_id}",
						"timestamp_format": "%d/%b/%Y:%H:%M:%S %z",
						"timezone": "Local"
					},
					{
						"file_path": "/var/log/dnf.log",
						"log_group_name": "/var/log/dnf.log",
						"log_stream_name": "{instance_id}",
						"timestamp_format": "%d/%b/%Y:%H:%M:%S %z",
						"timezone": "Local"
					},
					{
						"file_path": "/var/log/yum.log",
						"log_group_name": "/var/log/yum.log",
						"log_stream_name": "{instance_id}",
						"timestamp_format": "%d/%b/%Y:%H:%M:%S %z",
						"timezone": "Local"
					},
					{
						"file_path": "/var/log/db_monitoring.log",
						"log_group_name": "/var/log/db_monitoring.log",
						"log_stream_name": "{instance_id}",
						"timestamp_format": "%d/%b/%Y:%H:%M:%S %z",
						"timezone": "Local"
					},
					{
						"file_path": "/var/log/ccm_monitoring.log",
						"log_group_name": "/var/log/ccm_monitoring.log",
						"log_stream_name": "{instance_id}",
						"timestamp_format": "%d/%b/%Y:%H:%M:%S %z",
						"timezone": "Local"
					},
					{
						"file_path": "/opt/sophos-spl/plugins/av/log/av.log",
						"log_group_name": "/opt/sophos-spl/plugins/av/log/av.log",
						"log_stream_name": "{instance_id}",
						"timestamp_format": "%d/%b/%Y:%H:%M:%S %z",
						"timezone": "Local"
					},
					{
						"file_path": "/root/tomcat/logs/catalina.out",
						"log_group_name": "Actico_App",
						"log_stream_name": "Actico_App-Tomcat_Logs",
						"timestamp_format": "%d/%b/%Y:%H:%M:%S %z",
						"timezone": "Local"
					},
					{
						"file_path": "root/ActiveMQ/apache-activemq-5.18.1/data/activemq.log",
						"log_group_name": "Actico_App",
						"log_stream_name": "Actico_App-ActiveMQ_Logs",
						"timestamp_format": "%d/%b/%Y:%H:%M:%S %z",
						"timezone": "Local"
					}
				]
			}
		}
	},
	"metrics": {
		"aggregation_dimensions": [
			[
				"InstanceId"
			]
		],
		"append_dimensions": {
			"AutoScalingGroupName": "${aws:AutoScalingGroupName}",
			"ImageId": "${aws:ImageId}",
			"InstanceId": "${aws:InstanceId}",
			"InstanceType": "${aws:InstanceType}"
		},
		"metrics_collected": {
			"disk": {
				"measurement": [
					"used_percent"
				],
				"metrics_collection_interval": 60,
				"resources": [
					"*"
				]
			},
			"mem": {
				"measurement": [
					"mem_used_percent"
				],
				"metrics_collection_interval": 60
			},
			"statsd": {
				"metrics_aggregation_interval": 60,
				"metrics_collection_interval": 10,
				"service_address": ":8125"
			}
		}
	}
}