{
  "Version": "2012-10-17",
  "Statement": [
      {
          "Effect": "Allow",
          "Principal": {
              "Federated": "arn:aws:iam::450922747778:oidc-provider/oidc.eks.eu-central-1.amazonaws.com/id/C652415300A3F562D163C1BAD7274839"
          },
          "Action": "sts:AssumeRoleWithWebIdentity",
          "Condition": {
              "StringEquals": {
                  "oidc.eks.eu-central-1.amazonaws.com/id/C652415300A3F562D163C1BAD7274839:aud": "sts.amazonaws.com",
                  "oidc.eks.eu-central-1.amazonaws.com/id/C652415300A3F562D163C1BAD7274839:sub": "system:serviceaccount:external-secrets:external-secrets-idp-prod"
              }
          }
      }
  ]
}
