{
    "Version": "2012-10-17",
    "Statement": [
        {
            "Effect": "Allow",
            "Action": [
                "ec2:Describe*",
                "cloudwatch:Describe*",
                "rds:Describe*",
                "elasticloadbalancing:Describe*",
                "tag:GetResources",
                "config:Get*",
                "config:Describe*"
            ],
            "Resource": "*",
            "Condition": {
                "StringEquals": {
                    "aws:PrincipalOrgID": "o-qo9zhz0kk8"
                }
            }
        }
    ]
}